Id,Label
2023-12-01_1993.txt,2023-12-01_1993.txt
2023-12-04_1939.txt,2023-12-04_1939.txt
2023-12-03_1954.txt,2023-12-03_1954.txt
2023-11-03_2619.txt,2023-11-03_2619.txt
2023-11-01_2677.txt,2023-11-01_2677.txt
2023-11-08_2496.txt,2023-11-08_2496.txt
2023-11-02_2642.txt,2023-11-02_2642.txt
2023-11-05_2567.txt,2023-11-05_2567.txt
2023-11-07_2521.txt,2023-11-07_2521.txt
2023-11-04_2588.txt,2023-11-04_2588.txt
2023-11-06_2547.txt,2023-11-06_2547.txt
2023-10-13_3166.txt,2023-10-13_3166.txt
2023-11-30_2007.txt,2023-11-30_2007.txt
2023-10-20_2978.txt,2023-10-20_2978.txt
2023-10-16_3104.txt,2023-10-16_3104.txt
2023-11-27_2068.txt,2023-11-27_2068.txt
2023-11-25_2097.txt,2023-11-25_2097.txt
2023-10-22_2929.txt,2023-10-22_2929.txt
2023-11-28_2047.txt,2023-11-28_2047.txt
2023-11-23_2145.txt,2023-11-23_2145.txt
2023-10-21_2944.txt,2023-10-21_2944.txt
2023-10-25_2866.txt,2023-10-25_2866.txt
2023-11-24_2124.txt,2023-11-24_2124.txt
2023-10-27_2810.txt,2023-10-27_2810.txt
2023-10-28_2776.txt,2023-10-28_2776.txt
2023-10-19_3010.txt,2023-10-19_3010.txt
2023-11-09_2469.txt,2023-11-09_2469.txt
2023-10-23_2913.txt,2023-10-23_2913.txt
2023-10-14_3134.txt,2023-10-14_3134.txt
2023-10-30_2733.txt,2023-10-30_2733.txt
2023-11-20_2218.txt,2023-11-20_2218.txt
2023-11-13_2373.txt,2023-11-13_2373.txt
2023-11-22_2173.txt,2023-11-22_2173.txt
2023-11-16_2301.txt,2023-11-16_2301.txt
2023-11-21_2192.txt,2023-11-21_2192.txt
2023-10-10_3253.txt,2023-10-10_3253.txt
2023-11-14_2349.txt,2023-11-14_2349.txt
2023-11-12_2389.txt,2023-11-12_2389.txt
2023-10-24_2887.txt,2023-10-24_2887.txt
2023-11-17_2269.txt,2023-11-17_2269.txt
2023-10-18_3040.txt,2023-10-18_3040.txt
2023-10-31_2703.txt,2023-10-31_2703.txt
2023-10-26_2839.txt,2023-10-26_2839.txt
2023-10-17_3067.txt,2023-10-17_3067.txt
2023-11-10_2439.txt,2023-11-10_2439.txt
2023-11-15_2325.txt,2023-11-15_2325.txt
2023-10-21_2952.txt,2023-10-21_2952.txt
2023-10-12_3205.txt,2023-10-12_3205.txt
2023-10-11_3228.txt,2023-10-11_3228.txt
2023-12-06_1903.txt,2023-12-06_1903.txt
2023-12-05_1926.txt,2023-12-05_1926.txt
2023-12-08_1870.txt,2023-12-08_1870.txt
2023-12-07_1887.txt,2023-12-07_1887.txt
2023-12-09_1850.txt,2023-12-09_1850.txt
2023-12-19_1690.txt,2023-12-19_1690.txt
2023-12-14_1769.txt,2023-12-14_1769.txt
2023-12-16_1730.txt,2023-12-16_1730.txt
2023-12-13_1786.txt,2023-12-13_1786.txt
2023-12-11_1819.txt,2023-12-11_1819.txt
2023-12-12_1802.txt,2023-12-12_1802.txt
2023-12-17_1711.txt,2023-12-17_1711.txt
2023-12-15_1750.txt,2023-12-15_1750.txt
2023-12-18_1701.txt,2023-12-18_1701.txt
2023-12-30_1559.txt,2023-12-30_1559.txt
2023-12-23_1638.txt,2023-12-23_1638.txt
2023-12-24_1625.txt,2023-12-24_1625.txt
2023-12-20_1679.txt,2023-12-20_1679.txt
2023-12-25_1615.txt,2023-12-25_1615.txt
2023-12-21_1667.txt,2023-12-21_1667.txt
2023-12-22_1650.txt,2023-12-22_1650.txt
2023-12-27_1589.txt,2023-12-27_1589.txt
2023-12-26_1600.txt,2023-12-26_1600.txt
2023-12-28_1576.txt,2023-12-28_1576.txt
2023-12-31_1544.txt,2023-12-31_1544.txt
2023-12-29_1566.txt,2023-12-29_1566.txt
2024-01-27_1257.txt,2024-01-27_1257.txt
2024-03-31_203.txt,2024-03-31_203.txt
2024-01-25_1284.txt,2024-01-25_1284.txt
2024-01-18_1360.txt,2024-01-18_1360.txt
2024-02-27_934.txt,2024-02-27_934.txt
2024-01-30_1226.txt,2024-01-30_1226.txt
2024-01-11_1444.txt,2024-01-11_1444.txt
2024-01-16_1382.txt,2024-01-16_1382.txt
2024-03-26_254.txt,2024-03-26_254.txt
2024-03-11_390.txt,2024-03-11_390.txt
2024-03-18_330.txt,2024-03-18_330.txt
2024-01-15_1394.txt,2024-01-15_1394.txt
2024-02-22_989.txt,2024-02-22_989.txt
2024-03-01_894.txt,2024-03-01_894.txt
2024-02-23_977.txt,2024-02-23_977.txt
2024-02-14_1091.txt,2024-02-14_1091.txt
2024-01-19_1351.txt,2024-01-19_1351.txt
2024-03-16_343.txt,2024-03-16_343.txt
2024-02-25_957.txt,2024-02-25_957.txt
2024-01-21_1329.txt,2024-01-21_1329.txt
2024-01-29_1237.txt,2024-01-29_1237.txt
2024-01-14_1405.txt,2024-01-14_1405.txt
2024-02-18_1049.txt,2024-02-18_1049.txt
2024-03-27_246.txt,2024-03-27_246.txt
2024-01-22_1317.txt,2024-01-22_1317.txt
2024-01-31_1221.txt,2024-01-31_1221.txt
2024-01-17_1370.txt,2024-01-17_1370.txt
2024-03-02_885.txt,2024-03-02_885.txt
2024-01-26_1275.txt,2024-01-26_1275.txt
2024-03-09_810.txt,2024-03-09_810.txt
2024-03-07_832.txt,2024-03-07_832.txt
2024-03-08_819.txt,2024-03-08_819.txt
2024-03-05_856.txt,2024-03-05_856.txt
2024-03-06_846.txt,2024-03-06_846.txt
2024-03-30_214.txt,2024-03-30_214.txt
2024-02-19_1031.txt,2024-02-19_1031.txt
2024-02-01_1211.txt,2024-02-01_1211.txt
2024-02-03_1189.txt,2024-02-03_1189.txt
2024-02-05_1175.txt,2024-02-05_1175.txt
2024-02-02_1201.txt,2024-02-02_1201.txt
2024-02-06_1170.txt,2024-02-06_1170.txt
2024-02-07_1162.txt,2024-02-07_1162.txt
2024-01-04_1505.txt,2024-01-04_1505.txt
2024-01-06_1490.txt,2024-01-06_1490.txt
2024-01-23_1304.txt,2024-01-23_1304.txt
2024-01-20_1339.txt,2024-01-20_1339.txt
2024-02-20_1012.txt,2024-02-20_1012.txt
2024-03-17_334.txt,2024-03-17_334.txt
2024-02-04_1183.txt,2024-02-04_1183.txt
2024-02-12_1118.txt,2024-02-12_1118.txt
2024-01-12_1429.txt,2024-01-12_1429.txt
2024-01-13_1413.txt,2024-01-13_1413.txt
2024-01-07_1480.txt,2024-01-07_1480.txt
2024-01-10_1456.txt,2024-01-10_1456.txt
2024-03-28_234.txt,2024-03-28_234.txt
2024-02-28_919.txt,2024-02-28_919.txt
2024-01-24_1295.txt,2024-01-24_1295.txt
2024-01-28_1248.txt,2024-01-28_1248.txt
2024-03-10_399.txt,2024-03-10_399.txt
2024-02-26_946.txt,2024-02-26_946.txt
2024-02-24_965.txt,2024-02-24_965.txt
2024-03-21_300.txt,2024-03-21_300.txt
2024-03-23_277.txt,2024-03-23_277.txt
2024-03-14_358.txt,2024-03-14_358.txt
2024-02-15_1072.txt,2024-02-15_1072.txt
2024-03-22_285.txt,2024-03-22_285.txt
2024-03-12_380.txt,2024-03-12_380.txt
2024-03-25_265.txt,2024-03-25_265.txt
2024-02-21_1004.txt,2024-02-21_1004.txt
2024-03-24_272.txt,2024-03-24_272.txt
2024-03-29_220.txt,2024-03-29_220.txt
2024-02-16_1067.txt,2024-02-16_1067.txt
2024-03-13_367.txt,2024-03-13_367.txt
2024-02-29_907.txt,2024-02-29_907.txt
2024-01-09_1465.txt,2024-01-09_1465.txt
2024-03-15_349.txt,2024-03-15_349.txt
2024-01-01_1540.txt,2024-01-01_1540.txt
2024-01-05_1499.txt,2024-01-05_1499.txt
2024-03-20_311.txt,2024-03-20_311.txt
2024-02-08_1154.txt,2024-02-08_1154.txt
2024-01-03_1520.txt,2024-01-03_1520.txt
2024-04-17_17.txt,2024-04-17_17.txt
2024-04-04_153.txt,2024-04-04_153.txt
2024-04-08_101.txt,2024-04-08_101.txt
2024-04-10_81.txt,2024-04-10_81.txt
2024-04-01_194.txt,2024-04-01_194.txt
2024-04-07_116.txt,2024-04-07_116.txt
2024-04-06_125.txt,2024-04-06_125.txt
2024-04-03_163.txt,2024-04-03_163.txt
2024-04-05_140.txt,2024-04-05_140.txt
2024-04-16_23.txt,2024-04-16_23.txt
2024-04-11_71.txt,2024-04-11_71.txt
2024-04-15_33.txt,2024-04-15_33.txt
2024-04-09_90.txt,2024-04-09_90.txt
2024-04-12_63.txt,2024-04-12_63.txt
2024-01-02_1532.txt,2024-01-02_1532.txt
2024-03-19_320.txt,2024-03-19_320.txt
2024-02-13_1107.txt,2024-02-13_1107.txt
2024-04-02_178.txt,2024-04-02_178.txt
2024-01-08_1472.txt,2024-01-08_1472.txt
2024-03-17_338.txt,2024-03-17_338.txt
2024-03-23_278.txt,2024-03-23_278.txt
2024-03-16_344.txt,2024-03-16_344.txt
2024-03-22_289.txt,2024-03-22_289.txt
2024-03-20_313.txt,2024-03-20_313.txt
2024-03-12_381.txt,2024-03-12_381.txt
2024-02-27_937.txt,2024-02-27_937.txt
2024-03-06_847.txt,2024-03-06_847.txt
2024-01-06_1492.txt,2024-01-06_1492.txt
2024-01-07_1481.txt,2024-01-07_1481.txt
2024-03-04_866.txt,2024-03-04_866.txt
2024-02-29_908.txt,2024-02-29_908.txt
2024-03-03_874.txt,2024-03-03_874.txt
2024-02-28_923.txt,2024-02-28_923.txt
2024-03-21_301.txt,2024-03-21_301.txt
2024-03-05_859.txt,2024-03-05_859.txt
2024-03-14_359.txt,2024-03-14_359.txt
2024-03-01_899.txt,2024-03-01_899.txt
2024-03-15_353.txt,2024-03-15_353.txt
2024-02-12_1123.txt,2024-02-12_1123.txt
2024-03-19_321.txt,2024-03-19_321.txt
2024-03-27_248.txt,2024-03-27_248.txt
2024-03-25_267.txt,2024-03-25_267.txt
2024-03-26_257.txt,2024-03-26_257.txt
2024-03-29_225.txt,2024-03-29_225.txt
2024-03-28_237.txt,2024-03-28_237.txt
2024-04-05_143.txt,2024-04-05_143.txt
2024-03-30_616.txt,2024-03-30_616.txt
2024-04-03_165.txt,2024-04-03_165.txt
2024-03-31_207.txt,2024-03-31_207.txt
2024-04-02_184.txt,2024-04-02_184.txt
2024-04-01_196.txt,2024-04-01_196.txt
2024-04-04_157.txt,2024-04-04_157.txt
2024-04-09_94.txt,2024-04-09_94.txt
2024-04-07_120.txt,2024-04-07_120.txt
2024-04-06_126.txt,2024-04-06_126.txt
2024-04-08_107.txt,2024-04-08_107.txt
2024-04-17_18.txt,2024-04-17_18.txt
2024-04-16_25.txt,2024-04-16_25.txt
2024-04-15_35.txt,2024-04-15_35.txt
2024-04-10_83.txt,2024-04-10_83.txt
2024-03-07_834.txt,2024-03-07_834.txt
2023-10-10_3256.txt,2023-10-10_3256.txt
2023-11-20_2222.txt,2023-11-20_2222.txt
2023-11-07_2527.txt,2023-11-07_2527.txt
2024-02-11_1133.txt,2024-02-11_1133.txt
2023-12-19_1692.txt,2023-12-19_1692.txt
2023-12-14_1772.txt,2023-12-14_1772.txt
2023-12-01_1997.txt,2023-12-01_1997.txt
2023-12-15_1753.txt,2023-12-15_1753.txt
2023-11-30_2014.txt,2023-11-30_2014.txt
2023-11-08_2501.txt,2023-11-08_2501.txt
2023-11-28_2051.txt,2023-11-28_2051.txt
2023-12-22_1653.txt,2023-12-22_1653.txt
2023-12-25_1618.txt,2023-12-25_1618.txt
2023-11-29_2035.txt,2023-11-29_2035.txt
2023-12-04_1942.txt,2023-12-04_1942.txt
2023-10-13_3174.txt,2023-10-13_3174.txt
2023-12-27_1592.txt,2023-12-27_1592.txt
2024-04-12_65.txt,2024-04-12_65.txt
2024-04-11_73.txt,2024-04-11_73.txt
2023-11-22_2180.txt,2023-11-22_2180.txt
2023-11-14_2355.txt,2023-11-14_2355.txt
2023-10-16_3076.txt,2023-10-16_3076.txt
2023-11-24_2130.txt,2023-11-24_2130.txt
2024-02-19_1033.txt,2024-02-19_1033.txt
2024-04-13_54.txt,2024-04-13_54.txt
2024-02-20_1013.txt,2024-02-20_1013.txt
2024-04-08_103.txt,2024-04-08_103.txt
2023-10-23_2894.txt,2023-10-23_2894.txt
2023-10-10_3233.txt,2023-10-10_3233.txt
2023-11-09_2473.txt,2023-11-09_2473.txt
2023-10-19_2985.txt,2023-10-19_2985.txt
2023-11-17_2276.txt,2023-11-17_2276.txt
2023-10-24_2873.txt,2023-10-24_2873.txt
2023-10-18_3017.txt,2023-10-18_3017.txt
2023-10-28_2786.txt,2023-10-28_2786.txt
2023-10-11_3209.txt,2023-10-11_3209.txt
2023-11-06_2555.txt,2023-11-06_2555.txt
2024-01-26_1274.txt,2024-01-26_1274.txt
2024-02-21_1003.txt,2024-02-21_1003.txt
2024-04-13_51.txt,2024-04-13_51.txt
2024-02-12_1119.txt,2024-02-12_1119.txt
2024-04-02_175.txt,2024-04-02_175.txt
2023-04-11_3631.txt,2023-04-11_3631.txt
2023-10-16_3087.txt,2023-10-16_3087.txt
2023-10-11_3217.txt,2023-10-11_3217.txt
2023-07-07_3444.txt,2023-07-07_3444.txt
2023-05-15_3564.txt,2023-05-15_3564.txt
2023-11-09_2459.txt,2023-11-09_2459.txt
2023-10-27_2801.txt,2023-10-27_2801.txt
2024-01-23_1305.txt,2024-01-23_1305.txt
2023-12-08_1869.txt,2023-12-08_1869.txt
2023-11-27_2067.txt,2023-11-27_2067.txt
2024-01-29_1239.txt,2024-01-29_1239.txt
2023-11-29_2032.txt,2023-11-29_2032.txt
2023-10-09_3285.txt,2023-10-09_3285.txt
2023-10-09_3270.txt,2023-10-09_3270.txt
2023-11-04_2595.txt,2023-11-04_2595.txt
2024-03-04_860.txt,2024-03-04_860.txt
2023-12-11_1818.txt,2023-12-11_1818.txt
2024-02-25_955.txt,2024-02-25_955.txt
2023-11-01_2681.txt,2023-11-01_2681.txt
2023-11-02_2655.txt,2023-11-02_2655.txt
2024-01-12_1431.txt,2024-01-12_1431.txt
2023-10-30_2741.txt,2023-10-30_2741.txt
2023-11-12_2393.txt,2023-11-12_2393.txt
2023-10-27_2821.txt,2023-10-27_2821.txt
2023-10-26_2844.txt,2023-10-26_2844.txt
2023-10-31_2708.txt,2023-10-31_2708.txt
2023-10-28_2762.txt,2023-10-28_2762.txt
2023-11-10_2447.txt,2023-11-10_2447.txt
2023-11-03_2625.txt,2023-11-03_2625.txt
2023-10-22_2916.txt,2023-10-22_2916.txt
2023-10-13_3138.txt,2023-10-13_3138.txt
2023-10-08_3297.txt,2023-10-08_3297.txt
2023-10-15_3109.txt,2023-10-15_3109.txt
2023-10-17_3046.txt,2023-10-17_3046.txt
2023-12-21_1670.txt,2023-12-21_1670.txt
2023-11-16_2304.txt,2023-11-16_2304.txt
2023-12-07_1891.txt,2023-12-07_1891.txt
2023-12-05_1927.txt,2023-12-05_1927.txt
2023-12-06_1907.txt,2023-12-06_1907.txt
2023-11-13_2379.txt,2023-11-13_2379.txt
2023-11-21_2198.txt,2023-11-21_2198.txt
2023-12-08_1873.txt,2023-12-08_1873.txt
2023-11-23_2154.txt,2023-11-23_2154.txt
2023-11-27_2075.txt,2023-11-27_2075.txt
2023-12-20_1681.txt,2023-12-20_1681.txt
2023-11-15_2332.txt,2023-11-15_2332.txt
2023-10-20_2958.txt,2023-10-20_2958.txt
2023-12-11_1823.txt,2023-12-11_1823.txt
2024-01-11_1445.txt,2024-01-11_1445.txt
2023-12-28_1580.txt,2023-12-28_1580.txt
2023-10-21_2937.txt,2023-10-21_2937.txt
2023-11-04_2572.txt,2023-11-04_2572.txt
2023-04-07_3641.txt,2023-04-07_3641.txt
2023-05-10_3585.txt,2023-05-10_3585.txt
2023-05-02_3613.txt,2023-05-02_3613.txt
2023-05-09_3593.txt,2023-05-09_3593.txt
2023-05-13_3567.txt,2023-05-13_3567.txt
2023-07-04_3461.txt,2023-07-04_3461.txt
2023-07-05_3456.txt,2023-07-05_3456.txt
2024-04-14_45.txt,2024-04-14_45.txt
2024-01-09_1463.txt,2024-01-09_1463.txt
2023-12-05_1916.txt,2023-12-05_1916.txt
2024-01-04_1503.txt,2024-01-04_1503.txt
2023-11-10_2430.txt,2023-11-10_2430.txt
2023-11-21_2186.txt,2023-11-21_2186.txt
2023-12-06_1897.txt,2023-12-06_1897.txt
2023-11-14_2340.txt,2023-11-14_2340.txt
2023-10-25_2857.txt,2023-10-25_2857.txt
2023-12-14_1759.txt,2023-12-14_1759.txt
2023-10-20_2967.txt,2023-10-20_2967.txt
2023-10-26_2832.txt,2023-10-26_2832.txt
2024-01-02_1529.txt,2024-01-02_1529.txt
2023-11-29_2025.txt,2023-11-29_2025.txt
2023-11-15_2313.txt,2023-11-15_2313.txt
2023-11-28_2045.txt,2023-11-28_2045.txt
2023-10-31_2707.txt,2023-10-31_2707.txt
2023-10-24_2880.txt,2023-10-24_2880.txt
2023-12-04_1933.txt,2023-12-04_1933.txt
2023-10-12_3208.txt,2023-10-12_3208.txt
2023-11-09_2457.txt,2023-11-09_2457.txt
2023-10-13_3171.txt,2023-10-13_3171.txt
2023-11-06_2551.txt,2023-11-06_2551.txt
2023-10-23_2904.txt,2023-10-23_2904.txt
2023-12-15_1743.txt,2023-12-15_1743.txt
2023-11-02_2652.txt,2023-11-02_2652.txt
2023-10-17_3060.txt,2023-10-17_3060.txt
2023-11-23_2138.txt,2023-11-23_2138.txt
2023-10-11_3219.txt,2023-10-11_3219.txt
2023-10-28_2783.txt,2023-10-28_2783.txt
2023-11-07_2512.txt,2023-11-07_2512.txt
2023-07-28_3396.txt,2023-07-28_3396.txt
2023-10-31_2682.txt,2023-10-31_2682.txt
2023-10-16_3107.txt,2023-10-16_3107.txt
2023-08-09_3385.txt,2023-08-09_3385.txt
2023-11-03_2623.txt,2023-11-03_2623.txt
2023-07-13_3425.txt,2023-07-13_3425.txt
2023-10-10_3258.txt,2023-10-10_3258.txt
2023-10-13_3139.txt,2023-10-13_3139.txt
2023-10-02_3317.txt,2023-10-02_3317.txt
2023-11-16_2290.txt,2023-11-16_2290.txt
2023-10-27_2797.txt,2023-10-27_2797.txt
2023-10-30_2740.txt,2023-10-30_2740.txt
2023-11-20_2209.txt,2023-11-20_2209.txt
2023-11-08_2499.txt,2023-11-08_2499.txt
2023-10-19_3000.txt,2023-10-19_3000.txt
2023-06-23_3484.txt,2023-06-23_3484.txt
2023-09-06_3346.txt,2023-09-06_3346.txt
2023-10-18_3042.txt,2023-10-18_3042.txt
2023-05-15_3562.txt,2023-05-15_3562.txt
2023-10-08_3288.txt,2023-10-08_3288.txt
2022-12-21_3841.txt,2022-12-21_3841.txt
2023-05-11_3578.txt,2023-05-11_3578.txt
2022-06-13_4088.txt,2022-06-13_4088.txt
2023-04-03_3660.txt,2023-04-03_3660.txt
2022-12-26_3832.txt,2022-12-26_3832.txt
2023-02-03_3747.txt,2023-02-03_3747.txt
2024-02-19_1023.txt,2024-02-19_1023.txt
2024-01-15_1388.txt,2024-01-15_1388.txt
2024-01-22_1311.txt,2024-01-22_1311.txt
2024-01-11_1440.txt,2024-01-11_1440.txt
2024-01-29_1232.txt,2024-01-29_1232.txt
2024-02-16_1063.txt,2024-02-16_1063.txt
2024-01-05_1495.txt,2024-01-05_1495.txt
2024-01-26_1270.txt,2024-01-26_1270.txt
2024-01-19_1345.txt,2024-01-19_1345.txt
2024-01-10_1453.txt,2024-01-10_1453.txt
2024-02-08_1150.txt,2024-02-08_1150.txt
2024-01-12_1421.txt,2024-01-12_1421.txt
2024-01-31_1219.txt,2024-01-31_1219.txt
2024-02-12_1116.txt,2024-02-12_1116.txt
2024-03-21_295.txt,2024-03-21_295.txt
2024-02-21_996.txt,2024-02-21_996.txt
2024-03-11_387.txt,2024-03-11_387.txt
2024-02-22_983.txt,2024-02-22_983.txt
2024-02-28_914.txt,2024-02-28_914.txt
2024-03-07_824.txt,2024-03-07_824.txt
2024-03-20_306.txt,2024-03-20_306.txt
2024-03-01_892.txt,2024-03-01_892.txt
2024-04-03_160.txt,2024-04-03_160.txt
2024-03-27_245.txt,2024-03-27_245.txt
2024-03-28_229.txt,2024-03-28_229.txt
2024-04-10_76.txt,2024-04-10_76.txt
2024-04-05_131.txt,2024-04-05_131.txt
2023-10-07_3309.txt,2023-10-07_3309.txt
2023-11-18_2243.txt,2023-11-18_2243.txt
2023-11-18_2255.txt,2023-11-18_2255.txt
2021-05-23_4606.txt,2021-05-23_4606.txt
2022-09-25_3934.txt,2022-09-25_3934.txt
2023-05-11_3584.txt,2023-05-11_3584.txt
2023-02-23_3717.txt,2023-02-23_3717.txt
2023-06-19_3504.txt,2023-06-19_3504.txt
2023-06-20_3497.txt,2023-06-20_3497.txt
2023-10-30_2727.txt,2023-10-30_2727.txt
2024-04-08_100.txt,2024-04-08_100.txt
2023-10-22_2928.txt,2023-10-22_2928.txt
2024-01-14_1402.txt,2024-01-14_1402.txt
2024-01-29_1234.txt,2024-01-29_1234.txt
2024-01-14_1397.txt,2024-01-14_1397.txt
2024-01-29_1236.txt,2024-01-29_1236.txt
2021-12-03_4309.txt,2021-12-03_4309.txt
2023-01-23_3784.txt,2023-01-23_3784.txt
2023-01-31_3756.txt,2023-01-31_3756.txt
2023-04-07_3647.txt,2023-04-07_3647.txt
2023-11-11_2414.txt,2023-11-11_2414.txt
2023-04-27_3616.txt,2023-04-27_3616.txt
2023-05-02_3612.txt,2023-05-02_3612.txt
2023-10-20_2962.txt,2023-10-20_2962.txt
2023-10-17_3065.txt,2023-10-17_3065.txt
2023-11-06_2539.txt,2023-11-06_2539.txt
2023-10-20_2976.txt,2023-10-20_2976.txt
2024-02-01_1208.txt,2024-02-01_1208.txt
2024-03-28_235.txt,2024-03-28_235.txt
2024-01-11_1436.txt,2024-01-11_1436.txt
2024-01-16_1380.txt,2024-01-16_1380.txt
2024-01-24_1290.txt,2024-01-24_1290.txt
2024-01-26_1266.txt,2024-01-26_1266.txt
2024-01-02_1526.txt,2024-01-02_1526.txt
2024-01-15_1389.txt,2024-01-15_1389.txt
2024-01-25_1281.txt,2024-01-25_1281.txt
2024-02-28_915.txt,2024-02-28_915.txt
2023-12-29_1561.txt,2023-12-29_1561.txt
2024-01-12_1420.txt,2024-01-12_1420.txt
2024-01-11_1443.txt,2024-01-11_1443.txt
2024-01-11_1438.txt,2024-01-11_1438.txt
2023-02-19_3728.txt,2023-02-19_3728.txt
2023-11-21_2184.txt,2023-11-21_2184.txt
2024-02-08_1147.txt,2024-02-08_1147.txt
2024-01-12_1419.txt,2024-01-12_1419.txt
2023-10-14_3136.txt,2023-10-14_3136.txt
2024-01-14_1406.txt,2024-01-14_1406.txt
2023-11-16_2291.txt,2023-11-16_2291.txt
2024-02-13_1097.txt,2024-02-13_1097.txt
2024-02-02_1192.txt,2024-02-02_1192.txt
2023-11-29_2021.txt,2023-11-29_2021.txt
2023-12-07_1884.txt,2023-12-07_1884.txt
2023-12-07_1890.txt,2023-12-07_1890.txt
2024-04-08_95.txt,2024-04-08_95.txt
2023-10-27_2817.txt,2023-10-27_2817.txt
2023-12-11_1814.txt,2023-12-11_1814.txt
2021-05-21_4625.txt,2021-05-21_4625.txt
2022-08-07_4022.txt,2022-08-07_4022.txt
2023-10-23_2908.txt,2023-10-23_2908.txt
2023-10-13_3165.txt,2023-10-13_3165.txt
2023-10-13_3168.txt,2023-10-13_3168.txt
2024-01-14_1404.txt,2024-01-14_1404.txt
2024-03-28_236.txt,2024-03-28_236.txt
2023-04-02_3662.txt,2023-04-02_3662.txt
2023-04-03_3658.txt,2023-04-03_3658.txt
2022-11-01_3895.txt,2022-11-01_3895.txt
2023-08-27_3365.txt,2023-08-27_3365.txt
2023-08-24_3368.txt,2023-08-24_3368.txt
2023-01-03_3816.txt,2023-01-03_3816.txt
2023-01-03_3814.txt,2023-01-03_3814.txt
2023-01-04_3813.txt,2023-01-04_3813.txt
2023-08-25_3367.txt,2023-08-25_3367.txt
2023-05-08_3595.txt,2023-05-08_3595.txt
2023-05-21_3549.txt,2023-05-21_3549.txt
2023-06-26_3479.txt,2023-06-26_3479.txt
2023-01-09_3800.txt,2023-01-09_3800.txt
2023-07-27_3399.txt,2023-07-27_3399.txt
2023-11-20_2206.txt,2023-11-20_2206.txt
2022-06-30_4072.txt,2022-06-30_4072.txt
2022-08-22_3985.txt,2022-08-22_3985.txt
2021-07-23_4441.txt,2021-07-23_4441.txt
2021-07-20_4443.txt,2021-07-20_4443.txt
2021-08-03_4428.txt,2021-08-03_4428.txt
2021-07-30_4434.txt,2021-07-30_4434.txt
2022-07-06_4062.txt,2022-07-06_4062.txt
2021-08-02_4432.txt,2021-08-02_4432.txt
2021-11-02_4329.txt,2021-11-02_4329.txt
2023-11-13_2370.txt,2023-11-13_2370.txt
2024-04-07_115.txt,2024-04-07_115.txt
2023-11-02_2648.txt,2023-11-02_2648.txt
2024-03-30_212.txt,2024-03-30_212.txt
2022-05-13_4171.txt,2022-05-13_4171.txt
2022-05-13_4175.txt,2022-05-13_4175.txt
2022-05-12_4182.txt,2022-05-12_4182.txt
2022-05-11_4192.txt,2022-05-11_4192.txt
2022-05-13_4170.txt,2022-05-13_4170.txt
2022-05-13_4174.txt,2022-05-13_4174.txt
2022-05-13_4168.txt,2022-05-13_4168.txt
2022-05-12_4178.txt,2022-05-12_4178.txt
2022-05-13_4173.txt,2022-05-13_4173.txt
2022-05-11_4189.txt,2022-05-11_4189.txt
2022-05-11_4187.txt,2022-05-11_4187.txt
2022-05-11_4191.txt,2022-05-11_4191.txt
2022-05-11_4193.txt,2022-05-11_4193.txt
2022-05-11_4195.txt,2022-05-11_4195.txt
2022-05-12_4183.txt,2022-05-12_4183.txt
2022-12-24_3836.txt,2022-12-24_3836.txt
2022-05-23_4126.txt,2022-05-23_4126.txt
2022-05-19_4140.txt,2022-05-19_4140.txt
2022-05-19_4138.txt,2022-05-19_4138.txt
2022-07-26_4042.txt,2022-07-26_4042.txt
2022-12-06_3857.txt,2022-12-06_3857.txt
2022-09-01_3975.txt,2022-09-01_3975.txt
2022-06-20_4079.txt,2022-06-20_4079.txt
2022-07-04_4066.txt,2022-07-04_4066.txt
2022-05-20_4137.txt,2022-05-20_4137.txt
2022-09-05_3959.txt,2022-09-05_3959.txt
2022-09-05_3958.txt,2022-09-05_3958.txt
2022-08-18_3995.txt,2022-08-18_3995.txt
2022-09-06_3954.txt,2022-09-06_3954.txt
2022-05-13_4177.txt,2022-05-13_4177.txt
2022-07-28_4040.txt,2022-07-28_4040.txt
2022-06-08_4096.txt,2022-06-08_4096.txt
2022-07-08_4059.txt,2022-07-08_4059.txt
2022-05-22_4130.txt,2022-05-22_4130.txt
2022-07-04_4065.txt,2022-07-04_4065.txt
2022-09-15_3945.txt,2022-09-15_3945.txt
2022-07-05_4064.txt,2022-07-05_4064.txt
2022-09-05_3964.txt,2022-09-05_3964.txt
2022-05-18_4149.txt,2022-05-18_4149.txt
2022-05-19_4142.txt,2022-05-19_4142.txt
2022-07-13_4052.txt,2022-07-13_4052.txt
2022-06-11_4089.txt,2022-06-11_4089.txt
2022-09-01_3972.txt,2022-09-01_3972.txt
2022-12-06_3855.txt,2022-12-06_3855.txt
2022-05-26_4118.txt,2022-05-26_4118.txt
2022-11-14_3877.txt,2022-11-14_3877.txt
2022-06-09_4093.txt,2022-06-09_4093.txt
2022-08-05_4034.txt,2022-08-05_4034.txt
2022-05-26_4117.txt,2022-05-26_4117.txt
2022-05-18_4146.txt,2022-05-18_4146.txt
2022-08-18_3993.txt,2022-08-18_3993.txt
2022-05-20_4134.txt,2022-05-20_4134.txt
2022-06-11_4091.txt,2022-06-11_4091.txt
2022-05-16_4153.txt,2022-05-16_4153.txt
2022-05-27_4112.txt,2022-05-27_4112.txt
2022-05-13_4176.txt,2022-05-13_4176.txt
2022-09-20_3942.txt,2022-09-20_3942.txt
2022-05-24_4122.txt,2022-05-24_4122.txt
2022-05-23_4124.txt,2022-05-23_4124.txt
2022-09-06_3956.txt,2022-09-06_3956.txt
2022-11-05_3887.txt,2022-11-05_3887.txt
2022-05-18_4147.txt,2022-05-18_4147.txt
2022-12-07_3853.txt,2022-12-07_3853.txt
2022-06-01_4104.txt,2022-06-01_4104.txt
2022-06-16_4083.txt,2022-06-16_4083.txt
2022-12-01_3864.txt,2022-12-01_3864.txt
2022-05-16_4155.txt,2022-05-16_4155.txt
2022-05-14_4162.txt,2022-05-14_4162.txt
2022-05-23_4125.txt,2022-05-23_4125.txt
2022-05-18_4148.txt,2022-05-18_4148.txt
2022-05-26_4116.txt,2022-05-26_4116.txt
2022-05-19_4141.txt,2022-05-19_4141.txt
2022-05-16_4156.txt,2022-05-16_4156.txt
2022-05-16_4154.txt,2022-05-16_4154.txt
2022-05-14_4164.txt,2022-05-14_4164.txt
2022-07-04_4067.txt,2022-07-04_4067.txt
2022-05-15_4161.txt,2022-05-15_4161.txt
2022-05-11_4194.txt,2022-05-11_4194.txt
2022-05-11_4186.txt,2022-05-11_4186.txt
2022-05-13_4166.txt,2022-05-13_4166.txt
2023-08-30_3357.txt,2023-08-30_3357.txt
2023-05-11_3573.txt,2023-05-11_3573.txt
2023-05-03_3603.txt,2023-05-03_3603.txt
2023-05-18_3552.txt,2023-05-18_3552.txt
2023-06-05_3524.txt,2023-06-05_3524.txt
2023-05-11_3581.txt,2023-05-11_3581.txt
2023-05-11_3574.txt,2023-05-11_3574.txt
2022-07-02_4070.txt,2022-07-02_4070.txt
2022-08-18_3990.txt,2022-08-18_3990.txt
2023-05-18_3550.txt,2023-05-18_3550.txt
2023-07-18_3416.txt,2023-07-18_3416.txt
2022-06-17_4081.txt,2022-06-17_4081.txt
2022-05-27_4114.txt,2022-05-27_4114.txt
2023-05-02_3607.txt,2023-05-02_3607.txt
2023-05-11_3580.txt,2023-05-11_3580.txt
2022-05-14_4165.txt,2022-05-14_4165.txt
2022-12-06_3854.txt,2022-12-06_3854.txt
2023-05-07_3597.txt,2023-05-07_3597.txt
2023-05-10_3586.txt,2023-05-10_3586.txt
2022-07-08_4058.txt,2022-07-08_4058.txt
2022-05-11_4190.txt,2022-05-11_4190.txt
2022-09-06_3955.txt,2022-09-06_3955.txt
2022-09-07_3952.txt,2022-09-07_3952.txt
2022-10-09_3918.txt,2022-10-09_3918.txt
2022-10-20_3904.txt,2022-10-20_3904.txt
2023-02-21_3723.txt,2023-02-21_3723.txt
2024-03-29_224.txt,2024-03-29_224.txt
2024-04-02_183.txt,2024-04-02_183.txt
2022-04-20_4233.txt,2022-04-20_4233.txt
2021-10-07_4357.txt,2021-10-07_4357.txt
2022-11-02_3894.txt,2022-11-02_3894.txt
2022-12-22_3840.txt,2022-12-22_3840.txt
2022-12-29_3829.txt,2022-12-29_3829.txt
2023-01-06_3806.txt,2023-01-06_3806.txt
2022-09-02_3971.txt,2022-09-02_3971.txt
2022-09-05_3962.txt,2022-09-05_3962.txt
2023-10-10_3261.txt,2023-10-10_3261.txt
2024-02-28_921.txt,2024-02-28_921.txt
2023-10-10_3249.txt,2023-10-10_3249.txt
2023-10-18_3034.txt,2023-10-18_3034.txt
2023-11-03_2596.txt,2023-11-03_2596.txt
2023-11-24_2110.txt,2023-11-24_2110.txt
2023-05-09_3590.txt,2023-05-09_3590.txt
2022-05-15_4157.txt,2022-05-15_4157.txt
2023-01-04_3810.txt,2023-01-04_3810.txt
2022-11-23_3872.txt,2022-11-23_3872.txt
2022-05-18_4145.txt,2022-05-18_4145.txt
2022-05-05_4205.txt,2022-05-05_4205.txt
2022-09-23_3937.txt,2022-09-23_3937.txt
2022-05-20_4136.txt,2022-05-20_4136.txt
2022-04-21_4231.txt,2022-04-21_4231.txt
2022-04-21_4232.txt,2022-04-21_4232.txt
2022-04-22_4225.txt,2022-04-22_4225.txt
2022-04-15_4242.txt,2022-04-15_4242.txt
2022-04-15_4244.txt,2022-04-15_4244.txt
2022-04-17_4240.txt,2022-04-17_4240.txt
2022-05-29_4110.txt,2022-05-29_4110.txt
2023-04-05_3653.txt,2023-04-05_3653.txt
2023-04-03_3657.txt,2023-04-03_3657.txt
2021-05-23_4604.txt,2021-05-23_4604.txt
2021-07-18_4446.txt,2021-07-18_4446.txt
2023-04-05_3651.txt,2023-04-05_3651.txt
2022-04-29_4216.txt,2022-04-29_4216.txt
2022-04-22_4227.txt,2022-04-22_4227.txt
2022-04-18_4235.txt,2022-04-18_4235.txt
2022-09-26_3931.txt,2022-09-26_3931.txt
2023-01-17_3791.txt,2023-01-17_3791.txt
2023-04-01_3664.txt,2023-04-01_3664.txt
2022-04-30_4211.txt,2022-04-30_4211.txt
2023-04-12_3627.txt,2023-04-12_3627.txt
2023-04-05_3656.txt,2023-04-05_3656.txt
2022-05-26_4120.txt,2022-05-26_4120.txt
2023-04-19_3619.txt,2023-04-19_3619.txt
2023-04-12_3628.txt,2023-04-12_3628.txt
2023-04-11_3634.txt,2023-04-11_3634.txt
2022-04-21_4229.txt,2022-04-21_4229.txt
2022-04-29_4212.txt,2022-04-29_4212.txt
2023-04-05_3652.txt,2023-04-05_3652.txt
2022-05-05_4206.txt,2022-05-05_4206.txt
2023-04-05_3655.txt,2023-04-05_3655.txt
2021-07-19_4445.txt,2021-07-19_4445.txt
2022-05-07_4201.txt,2022-05-07_4201.txt
2022-04-22_4228.txt,2022-04-22_4228.txt
2023-06-14_3511.txt,2023-06-14_3511.txt
2024-04-16_21.txt,2024-04-16_21.txt
2022-05-17_4150.txt,2022-05-17_4150.txt
2022-05-20_4135.txt,2022-05-20_4135.txt
2022-11-10_3881.txt,2022-11-10_3881.txt
2023-06-02_3529.txt,2023-06-02_3529.txt
2023-11-20_2215.txt,2023-11-20_2215.txt
2021-06-10_4512.txt,2021-06-10_4512.txt
2022-08-09_4008.txt,2022-08-09_4008.txt
2023-11-08_2486.txt,2023-11-08_2486.txt
2024-02-21_992.txt,2024-02-21_992.txt
2024-02-19_1032.txt,2024-02-19_1032.txt
2024-03-05_852.txt,2024-03-05_852.txt
2022-06-23_4077.txt,2022-06-23_4077.txt
2022-10-06_3922.txt,2022-10-06_3922.txt
2022-08-11_4005.txt,2022-08-11_4005.txt
2022-05-12_4184.txt,2022-05-12_4184.txt
2023-02-02_3752.txt,2023-02-02_3752.txt
2022-01-04_4294.txt,2022-01-04_4294.txt
2022-03-10_4267.txt,2022-03-10_4267.txt
2021-10-20_4342.txt,2021-10-20_4342.txt
2021-09-14_4380.txt,2021-09-14_4380.txt
2021-10-25_4338.txt,2021-10-25_4338.txt
2021-12-03_4310.txt,2021-12-03_4310.txt
2022-05-14_4163.txt,2022-05-14_4163.txt
2021-12-05_4307.txt,2021-12-05_4307.txt
2022-09-25_3932.txt,2022-09-25_3932.txt
2022-08-29_3978.txt,2022-08-29_3978.txt
2022-08-31_3976.txt,2022-08-31_3976.txt
2022-08-06_4030.txt,2022-08-06_4030.txt
2023-05-11_3576.txt,2023-05-11_3576.txt
2022-08-07_4025.txt,2022-08-07_4025.txt
2022-08-08_4017.txt,2022-08-08_4017.txt
2023-10-15_3118.txt,2023-10-15_3118.txt
2024-03-11_388.txt,2024-03-11_388.txt
2024-02-28_920.txt,2024-02-28_920.txt
2023-10-19_2992.txt,2023-10-19_2992.txt
2024-02-19_1028.txt,2024-02-19_1028.txt
2023-10-20_2972.txt,2023-10-20_2972.txt
2023-10-24_2891.txt,2023-10-24_2891.txt
2024-03-08_816.txt,2024-03-08_816.txt
2023-11-20_2210.txt,2023-11-20_2210.txt
2024-03-05_850.txt,2024-03-05_850.txt
2024-02-16_1064.txt,2024-02-16_1064.txt
2023-12-25_1609.txt,2023-12-25_1609.txt
2024-02-14_1090.txt,2024-02-14_1090.txt
2023-12-24_1629.txt,2023-12-24_1629.txt
2024-02-10_1138.txt,2024-02-10_1138.txt
2023-11-16_2292.txt,2023-11-16_2292.txt
2024-01-09_1464.txt,2024-01-09_1464.txt
2023-11-30_2003.txt,2023-11-30_2003.txt
2023-11-19_2235.txt,2023-11-19_2235.txt
2023-11-13_2363.txt,2023-11-13_2363.txt
2023-12-12_1800.txt,2023-12-12_1800.txt
2023-12-30_1557.txt,2023-12-30_1557.txt
2023-11-11_2409.txt,2023-11-11_2409.txt
2024-01-10_1452.txt,2024-01-10_1452.txt
2023-10-25_2872.txt,2023-10-25_2872.txt
2024-02-23_974.txt,2024-02-23_974.txt
2024-01-04_1510.txt,2024-01-04_1510.txt
2023-12-16_1716.txt,2023-12-16_1716.txt
2023-12-15_1733.txt,2023-12-15_1733.txt
2023-05-11_3577.txt,2023-05-11_3577.txt
2023-05-11_3582.txt,2023-05-11_3582.txt
2021-09-13_4382.txt,2021-09-13_4382.txt
2021-09-14_4379.txt,2021-09-14_4379.txt
2021-05-29_4558.txt,2021-05-29_4558.txt
2023-11-02_2644.txt,2023-11-02_2644.txt
2021-06-03_4538.txt,2021-06-03_4538.txt
2024-01-13_1408.txt,2024-01-13_1408.txt
2024-01-13_1409.txt,2024-01-13_1409.txt
2023-10-29_2742.txt,2023-10-29_2742.txt
2023-10-30_2723.txt,2023-10-30_2723.txt
2022-07-15_4049.txt,2022-07-15_4049.txt
2023-04-18_3620.txt,2023-04-18_3620.txt
2023-05-03_3604.txt,2023-05-03_3604.txt
2022-06-23_4076.txt,2022-06-23_4076.txt
2023-08-02_3391.txt,2023-08-02_3391.txt
2023-06-28_3475.txt,2023-06-28_3475.txt
2023-06-05_3526.txt,2023-06-05_3526.txt
2023-11-02_2633.txt,2023-11-02_2633.txt
2023-09-20_3330.txt,2023-09-20_3330.txt
2022-07-13_4053.txt,2022-07-13_4053.txt
2022-07-18_4047.txt,2022-07-18_4047.txt
2023-08-09_3384.txt,2023-08-09_3384.txt
2023-08-12_3380.txt,2023-08-12_3380.txt
2023-09-20_3331.txt,2023-09-20_3331.txt
2023-09-22_3326.txt,2023-09-22_3326.txt
2023-10-14_3129.txt,2023-10-14_3129.txt
2023-10-21_2953.txt,2023-10-21_2953.txt
2023-04-01_3665.txt,2023-04-01_3665.txt
2023-11-16_2293.txt,2023-11-16_2293.txt
2022-12-07_3852.txt,2022-12-07_3852.txt
2022-11-24_3870.txt,2022-11-24_3870.txt
2022-11-10_3882.txt,2022-11-10_3882.txt
2023-06-17_3507.txt,2023-06-17_3507.txt
2023-10-30_2728.txt,2023-10-30_2728.txt
2023-09-17_3333.txt,2023-09-17_3333.txt
2023-04-06_3650.txt,2023-04-06_3650.txt
2024-03-15_347.txt,2024-03-15_347.txt
2024-03-10_397.txt,2024-03-10_397.txt
2023-04-14_3624.txt,2023-04-14_3624.txt
2023-12-29_1560.txt,2023-12-29_1560.txt
2022-05-22_4127.txt,2022-05-22_4127.txt
2024-04-09_88.txt,2024-04-09_88.txt
2022-04-24_4223.txt,2022-04-24_4223.txt
2023-10-04_3315.txt,2023-10-04_3315.txt
2023-01-24_3782.txt,2023-01-24_3782.txt
2023-05-18_3551.txt,2023-05-18_3551.txt
2023-05-18_3553.txt,2023-05-18_3553.txt
2022-05-17_4151.txt,2022-05-17_4151.txt
2022-04-27_4219.txt,2022-04-27_4219.txt
2023-05-18_3555.txt,2023-05-18_3555.txt
2022-04-23_4224.txt,2022-04-23_4224.txt
2023-05-29_3536.txt,2023-05-29_3536.txt
2024-01-12_1425.txt,2024-01-12_1425.txt
2024-01-09_1460.txt,2024-01-09_1460.txt
2024-02-16_1057.txt,2024-02-16_1057.txt
2024-01-11_1439.txt,2024-01-11_1439.txt
2024-03-06_837.txt,2024-03-06_837.txt
2024-03-18_324.txt,2024-03-18_324.txt
2024-01-26_1268.txt,2024-01-26_1268.txt
2024-01-26_1269.txt,2024-01-26_1269.txt
2021-05-12_9030.txt,2021-05-12_9030.txt
2021-05-17_4678.txt,2021-05-17_4678.txt
2021-06-08_4517.txt,2021-06-08_4517.txt
2021-05-23_4600.txt,2021-05-23_4600.txt
2021-09-23_4371.txt,2021-09-23_4371.txt
2021-11-18_4319.txt,2021-11-18_4319.txt
2023-03-29_3669.txt,2023-03-29_3669.txt
2022-12-20_3843.txt,2022-12-20_3843.txt
2022-09-13_3948.txt,2022-09-13_3948.txt
2023-05-24_3544.txt,2023-05-24_3544.txt
2024-04-07_108.txt,2024-04-07_108.txt
2021-06-10_4511.txt,2021-06-10_4511.txt
2021-06-29_4472.txt,2021-06-29_4472.txt
2021-10-25_4339.txt,2021-10-25_4339.txt
2021-05-26_4577.txt,2021-05-26_4577.txt
2022-01-05_4293.txt,2022-01-05_4293.txt
2022-12-30_3822.txt,2022-12-30_3822.txt
2022-05-13_4169.txt,2022-05-13_4169.txt
2024-01-03_1514.txt,2024-01-03_1514.txt
2024-01-03_1516.txt,2024-01-03_1516.txt
2024-01-02_1525.txt,2024-01-02_1525.txt
2024-01-03_1515.txt,2024-01-03_1515.txt
2024-01-03_1513.txt,2024-01-03_1513.txt
2024-01-03_1521.txt,2024-01-03_1521.txt
2024-01-03_1517.txt,2024-01-03_1517.txt
2024-01-04_1508.txt,2024-01-04_1508.txt
2024-01-05_1493.txt,2024-01-05_1493.txt
2024-01-04_1506.txt,2024-01-04_1506.txt
2021-06-05_4528.txt,2021-06-05_4528.txt
2023-01-04_3812.txt,2023-01-04_3812.txt
2023-01-06_3804.txt,2023-01-06_3804.txt
2022-11-29_3867.txt,2022-11-29_3867.txt
2022-12-26_3834.txt,2022-12-26_3834.txt
2022-12-12_3848.txt,2022-12-12_3848.txt
2022-12-22_3838.txt,2022-12-22_3838.txt
2022-09-29_3929.txt,2022-09-29_3929.txt
2022-08-26_3981.txt,2022-08-26_3981.txt
2022-08-22_3984.txt,2022-08-22_3984.txt
2023-05-02_3608.txt,2023-05-02_3608.txt
2022-08-15_4000.txt,2022-08-15_4000.txt
2022-08-16_3997.txt,2022-08-16_3997.txt
2023-05-02_3611.txt,2023-05-02_3611.txt
2022-05-02_4208.txt,2022-05-02_4208.txt
2023-11-27_2052.txt,2023-11-27_2052.txt
2023-11-19_2227.txt,2023-11-19_2227.txt
2023-11-20_2214.txt,2023-11-20_2214.txt
2023-12-16_1717.txt,2023-12-16_1717.txt
2024-02-20_1007.txt,2024-02-20_1007.txt
2023-12-31_1547.txt,2023-12-31_1547.txt
2023-12-16_1727.txt,2023-12-16_1727.txt
2023-12-15_1744.txt,2023-12-15_1744.txt
2023-12-10_1835.txt,2023-12-10_1835.txt
2023-12-13_1781.txt,2023-12-13_1781.txt
2023-12-11_1821.txt,2023-12-11_1821.txt
2024-04-17_7.txt,2024-04-17_7.txt
2021-06-04_4534.txt,2021-06-04_4534.txt
2022-12-12_3849.txt,2022-12-12_3849.txt
2023-12-07_1881.txt,2023-12-07_1881.txt
2024-04-17_15.txt,2024-04-17_15.txt
2024-03-13_369.txt,2024-03-13_369.txt
2022-06-07_4099.txt,2022-06-07_4099.txt
2023-11-13_2377.txt,2023-11-13_2377.txt
2024-01-19_1341.txt,2024-01-19_1341.txt
2021-09-13_4383.txt,2021-09-13_4383.txt
2022-04-17_4239.txt,2022-04-17_4239.txt
2022-06-07_4098.txt,2022-06-07_4098.txt
2022-07-20_4045.txt,2022-07-20_4045.txt
2022-07-28_4039.txt,2022-07-28_4039.txt
2022-07-30_4037.txt,2022-07-30_4037.txt
2024-03-11_383.txt,2024-03-11_383.txt
2022-08-03_4035.txt,2022-08-03_4035.txt
2021-06-07_4519.txt,2021-06-07_4519.txt
2021-08-02_4431.txt,2021-08-02_4431.txt
2021-08-05_4427.txt,2021-08-05_4427.txt
2021-08-02_4429.txt,2021-08-02_4429.txt
2021-05-05_9037.txt,2021-05-05_9037.txt
2021-05-21_4627.txt,2021-05-21_4627.txt
2022-02-13_4275.txt,2022-02-13_4275.txt
2023-12-15_1738.txt,2023-12-15_1738.txt
2023-12-16_1726.txt,2023-12-16_1726.txt
2023-12-16_1722.txt,2023-12-16_1722.txt
2023-12-15_1734.txt,2023-12-15_1734.txt
2024-01-07_1476.txt,2024-01-07_1476.txt
2024-01-17_1369.txt,2024-01-17_1369.txt
2024-01-10_1454.txt,2024-01-10_1454.txt
2023-10-25_2850.txt,2023-10-25_2850.txt
2023-05-02_3614.txt,2023-05-02_3614.txt
2023-05-02_3609.txt,2023-05-02_3609.txt
2022-04-17_4237.txt,2022-04-17_4237.txt
2021-05-10_9035.txt,2021-05-10_9035.txt
2022-04-15_4243.txt,2022-04-15_4243.txt
2023-11-02_2641.txt,2023-11-02_2641.txt
2023-11-23_2142.txt,2023-11-23_2142.txt
2023-10-13_3153.txt,2023-10-13_3153.txt
2023-10-26_2836.txt,2023-10-26_2836.txt
2024-01-26_1271.txt,2024-01-26_1271.txt
2024-01-12_1418.txt,2024-01-12_1418.txt
2024-01-20_1336.txt,2024-01-20_1336.txt
2024-01-13_1411.txt,2024-01-13_1411.txt
2024-01-06_1489.txt,2024-01-06_1489.txt
2024-01-12_1427.txt,2024-01-12_1427.txt
2024-01-05_1494.txt,2024-01-05_1494.txt
2023-12-27_1588.txt,2023-12-27_1588.txt
2023-12-25_1617.txt,2023-12-25_1617.txt
2023-12-20_1674.txt,2023-12-20_1674.txt
2024-01-15_1387.txt,2024-01-15_1387.txt
2023-12-18_1697.txt,2023-12-18_1697.txt
2023-12-19_1691.txt,2023-12-19_1691.txt
2024-01-01_1535.txt,2024-01-01_1535.txt
2024-01-31_1222.txt,2024-01-31_1222.txt
2024-01-27_1255.txt,2024-01-27_1255.txt
2024-01-01_1538.txt,2024-01-01_1538.txt
2024-01-16_1374.txt,2024-01-16_1374.txt
2023-12-19_1686.txt,2023-12-19_1686.txt
2023-12-20_1678.txt,2023-12-20_1678.txt
2023-12-23_1639.txt,2023-12-23_1639.txt
2024-01-11_1446.txt,2024-01-11_1446.txt
2023-12-13_1779.txt,2023-12-13_1779.txt
2024-01-12_1417.txt,2024-01-12_1417.txt
2023-12-04_1936.txt,2023-12-04_1936.txt
2024-01-12_1426.txt,2024-01-12_1426.txt
2024-01-28_1247.txt,2024-01-28_1247.txt
2024-01-03_1511.txt,2024-01-03_1511.txt
2024-02-24_966.txt,2024-02-24_966.txt
2023-10-10_3254.txt,2023-10-10_3254.txt
2024-04-11_70.txt,2024-04-11_70.txt
2024-03-06_839.txt,2024-03-06_839.txt
2024-02-04_1178.txt,2024-02-04_1178.txt
2024-02-06_1169.txt,2024-02-06_1169.txt
2023-11-13_2361.txt,2023-11-13_2361.txt
2023-11-13_2372.txt,2023-11-13_2372.txt
2024-02-24_963.txt,2024-02-24_963.txt
2024-02-22_987.txt,2024-02-22_987.txt
2024-02-22_981.txt,2024-02-22_981.txt
2024-01-18_1361.txt,2024-01-18_1361.txt
2024-02-01_1213.txt,2024-02-01_1213.txt
2024-03-15_351.txt,2024-03-15_351.txt
2024-03-09_809.txt,2024-03-09_809.txt
2024-03-07_828.txt,2024-03-07_828.txt
2024-03-02_878.txt,2024-03-02_878.txt
2023-12-19_1685.txt,2023-12-19_1685.txt
2024-02-07_1160.txt,2024-02-07_1160.txt
2024-01-17_1362.txt,2024-01-17_1362.txt
2023-11-21_2181.txt,2023-11-21_2181.txt
2023-10-30_2734.txt,2023-10-30_2734.txt
2023-11-13_2376.txt,2023-11-13_2376.txt
2023-11-12_2392.txt,2023-11-12_2392.txt
2023-11-26_2078.txt,2023-11-26_2078.txt
2023-11-27_2066.txt,2023-11-27_2066.txt
2023-11-27_2065.txt,2023-11-27_2065.txt
2021-10-08_4356.txt,2021-10-08_4356.txt
2021-10-05_4359.txt,2021-10-05_4359.txt
2021-10-13_4351.txt,2021-10-13_4351.txt
2021-09-13_4384.txt,2021-09-13_4384.txt
2021-09-15_4378.txt,2021-09-15_4378.txt
2021-10-03_4361.txt,2021-10-03_4361.txt
2022-04-29_4214.txt,2022-04-29_4214.txt
2024-04-05_137.txt,2024-04-05_137.txt
2024-04-05_129.txt,2024-04-05_129.txt
2024-04-05_132.txt,2024-04-05_132.txt
2023-11-09_2451.txt,2023-11-09_2451.txt
2023-11-09_2461.txt,2023-11-09_2461.txt
2023-11-11_2399.txt,2023-11-11_2399.txt
2023-11-11_2401.txt,2023-11-11_2401.txt
2024-04-02_177.txt,2024-04-02_177.txt
2024-04-02_180.txt,2024-04-02_180.txt
2024-04-09_89.txt,2024-04-09_89.txt
2021-06-22_4485.txt,2021-06-22_4485.txt
2021-06-22_4487.txt,2021-06-22_4487.txt
2022-02-18_4273.txt,2022-02-18_4273.txt
2023-12-07_1883.txt,2023-12-07_1883.txt
2023-12-08_1860.txt,2023-12-08_1860.txt
2022-10-26_3899.txt,2022-10-26_3899.txt
2022-11-11_3879.txt,2022-11-11_3879.txt
2021-06-05_4529.txt,2021-06-05_4529.txt
2021-06-06_4526.txt,2021-06-06_4526.txt
2023-10-31_2689.txt,2023-10-31_2689.txt
2023-10-31_2693.txt,2023-10-31_2693.txt
2024-02-19_1026.txt,2024-02-19_1026.txt
2024-02-21_997.txt,2024-02-21_997.txt
2023-10-15_3119.txt,2023-10-15_3119.txt
2023-05-18_3554.txt,2023-05-18_3554.txt
2022-05-29_4108.txt,2022-05-29_4108.txt
2024-01-11_1434.txt,2024-01-11_1434.txt
2024-02-23_976.txt,2024-02-23_976.txt
2021-09-23_4370.txt,2021-09-23_4370.txt
2023-10-12_3194.txt,2023-10-12_3194.txt
2021-05-13_9026.txt,2021-05-13_9026.txt
2021-05-21_4623.txt,2021-05-21_4623.txt
2021-11-02_4330.txt,2021-11-02_4330.txt
2024-02-19_1025.txt,2024-02-19_1025.txt
2024-02-17_1054.txt,2024-02-17_1054.txt
2023-12-13_1783.txt,2023-12-13_1783.txt
2024-02-27_935.txt,2024-02-27_935.txt
2024-03-06_838.txt,2024-03-06_838.txt
2024-02-09_1139.txt,2024-02-09_1139.txt
2024-03-05_851.txt,2024-03-05_851.txt
2024-01-27_1259.txt,2024-01-27_1259.txt
2024-03-24_269.txt,2024-03-24_269.txt
2022-08-02_4036.txt,2022-08-02_4036.txt
2024-01-10_1457.txt,2024-01-10_1457.txt
2024-01-31_1220.txt,2024-01-31_1220.txt
2021-05-26_4576.txt,2021-05-26_4576.txt
2022-01-03_4295.txt,2022-01-03_4295.txt
2023-11-11_2395.txt,2023-11-11_2395.txt
2023-11-11_2405.txt,2023-11-11_2405.txt
2023-11-10_2423.txt,2023-11-10_2423.txt
2023-11-06_2537.txt,2023-11-06_2537.txt
2023-11-10_2428.txt,2023-11-10_2428.txt
2023-11-12_2386.txt,2023-11-12_2386.txt
2023-11-03_2605.txt,2023-11-03_2605.txt
2023-11-19_2223.txt,2023-11-19_2223.txt
2023-11-16_2297.txt,2023-11-16_2297.txt
2023-11-15_2327.txt,2023-11-15_2327.txt
2023-11-17_2272.txt,2023-11-17_2272.txt
2023-11-18_2252.txt,2023-11-18_2252.txt
2023-11-16_2300.txt,2023-11-16_2300.txt
2023-11-13_2378.txt,2023-11-13_2378.txt
2023-11-25_2107.txt,2023-11-25_2107.txt
2023-11-11_2412.txt,2023-11-11_2412.txt
2023-11-23_2148.txt,2023-11-23_2148.txt
2023-11-19_2225.txt,2023-11-19_2225.txt
2023-11-15_2317.txt,2023-11-15_2317.txt
2023-11-15_2321.txt,2023-11-15_2321.txt
2023-11-26_2081.txt,2023-11-26_2081.txt
2023-11-19_2230.txt,2023-11-19_2230.txt
2023-11-13_2366.txt,2023-11-13_2366.txt
2023-11-13_2362.txt,2023-11-13_2362.txt
2024-04-01_192.txt,2024-04-01_192.txt
2023-11-20_2200.txt,2023-11-20_2200.txt
2024-03-18_331.txt,2024-03-18_331.txt
2021-10-13_4349.txt,2021-10-13_4349.txt
2021-10-17_4345.txt,2021-10-17_4345.txt
2021-10-11_4354.txt,2021-10-11_4354.txt
2021-10-14_4347.txt,2021-10-14_4347.txt
2023-08-31_3352.txt,2023-08-31_3352.txt
2022-04-21_4230.txt,2022-04-21_4230.txt
2021-10-19_4344.txt,2021-10-19_4344.txt
2023-11-05_2566.txt,2023-11-05_2566.txt
2023-11-05_2571.txt,2023-11-05_2571.txt
2022-09-05_3963.txt,2022-09-05_3963.txt
2022-09-05_3966.txt,2022-09-05_3966.txt
2022-05-02_4207.txt,2022-05-02_4207.txt
2024-04-10_78.txt,2024-04-10_78.txt
2024-04-09_86.txt,2024-04-09_86.txt
2022-04-22_4226.txt,2022-04-22_4226.txt
2023-10-19_3006.txt,2023-10-19_3006.txt
2022-08-18_3992.txt,2022-08-18_3992.txt
2022-06-06_4100.txt,2022-06-06_4100.txt
2022-06-06_4101.txt,2022-06-06_4101.txt
2023-02-22_3721.txt,2023-02-22_3721.txt
2023-02-23_3718.txt,2023-02-23_3718.txt
2023-02-21_3724.txt,2023-02-21_3724.txt
2023-04-03_3659.txt,2023-04-03_3659.txt
2022-09-22_3940.txt,2022-09-22_3940.txt
2022-10-09_3919.txt,2022-10-09_3919.txt
2024-02-14_1082.txt,2024-02-14_1082.txt
2023-09-27_3322.txt,2023-09-27_3322.txt
2023-09-28_3320.txt,2023-09-28_3320.txt
2023-07-28_3394.txt,2023-07-28_3394.txt
2023-06-02_3528.txt,2023-06-02_3528.txt
2023-06-09_3518.txt,2023-06-09_3518.txt
2023-05-30_3532.txt,2023-05-30_3532.txt
2023-06-15_3510.txt,2023-06-15_3510.txt
2023-06-23_3486.txt,2023-06-23_3486.txt
2023-06-24_3482.txt,2023-06-24_3482.txt
2023-10-23_2895.txt,2023-10-23_2895.txt
2024-03-13_361.txt,2024-03-13_361.txt
2023-11-12_2380.txt,2023-11-12_2380.txt
2021-05-15_9009.txt,2021-05-15_9009.txt
2024-01-07_1474.txt,2024-01-07_1474.txt
2024-04-13_47.txt,2024-04-13_47.txt
2023-11-20_2203.txt,2023-11-20_2203.txt
2023-11-08_2485.txt,2023-11-08_2485.txt
2024-03-31_199.txt,2024-03-31_199.txt
2024-03-31_201.txt,2024-03-31_201.txt
2024-02-14_1085.txt,2024-02-14_1085.txt
2024-02-15_1068.txt,2024-02-15_1068.txt
2024-02-13_1104.txt,2024-02-13_1104.txt
2023-10-19_2998.txt,2023-10-19_2998.txt
2023-11-14_2339.txt,2023-11-14_2339.txt
2023-11-10_2429.txt,2023-11-10_2429.txt
2023-12-07_1874.txt,2023-12-07_1874.txt
2023-12-22_1645.txt,2023-12-22_1645.txt
2023-10-27_2800.txt,2023-10-27_2800.txt
2021-06-06_4527.txt,2021-06-06_4527.txt
2021-06-02_4544.txt,2021-06-02_4544.txt
2021-06-09_4516.txt,2021-06-09_4516.txt
2023-09-10_3342.txt,2023-09-10_3342.txt
2024-03-12_373.txt,2024-03-12_373.txt
2021-05-27_4566.txt,2021-05-27_4566.txt
2021-05-27_4570.txt,2021-05-27_4570.txt
2023-10-21_2957.txt,2023-10-21_2957.txt
2023-10-22_2935.txt,2023-10-22_2935.txt
2024-02-28_917.txt,2024-02-28_917.txt
2023-11-09_2467.txt,2023-11-09_2467.txt
2024-02-16_1062.txt,2024-02-16_1062.txt
2023-12-22_1646.txt,2023-12-22_1646.txt
2023-11-25_2095.txt,2023-11-25_2095.txt
2023-12-01_1983.txt,2023-12-01_1983.txt
2021-06-26_4476.txt,2021-06-26_4476.txt
2024-02-25_959.txt,2024-02-25_959.txt
2023-12-21_1654.txt,2023-12-21_1654.txt
2023-12-23_1634.txt,2023-12-23_1634.txt
2024-03-18_325.txt,2024-03-18_325.txt
2023-12-22_1651.txt,2023-12-22_1651.txt
2023-07-11_3430.txt,2023-07-11_3430.txt
2023-07-20_3410.txt,2023-07-20_3410.txt
2023-02-04_3744.txt,2023-02-04_3744.txt
2023-02-04_3746.txt,2023-02-04_3746.txt
2023-07-21_3407.txt,2023-07-21_3407.txt
2023-07-25_3403.txt,2023-07-25_3403.txt
2023-06-25_3481.txt,2023-06-25_3481.txt
2023-11-12_2381.txt,2023-11-12_2381.txt
2023-10-29_2753.txt,2023-10-29_2753.txt
2024-04-12_57.txt,2024-04-12_57.txt
2024-04-12_61.txt,2024-04-12_61.txt
2024-04-18_1.txt,2024-04-18_1.txt
2023-12-21_1662.txt,2023-12-21_1662.txt
2023-03-01_3701.txt,2023-03-01_3701.txt
2023-03-02_3699.txt,2023-03-02_3699.txt
2021-10-04_4360.txt,2021-10-04_4360.txt
2022-11-04_3888.txt,2022-11-04_3888.txt
2021-10-19_4343.txt,2021-10-19_4343.txt
2023-09-25_3323.txt,2023-09-25_3323.txt
2024-03-31_197.txt,2024-03-31_197.txt
2024-04-04_155.txt,2024-04-04_155.txt
2024-01-14_1403.txt,2024-01-14_1403.txt
2024-03-03_872.txt,2024-03-03_872.txt
2024-02-11_1131.txt,2024-02-11_1131.txt
2023-12-13_1785.txt,2023-12-13_1785.txt
2022-02-15_4274.txt,2022-02-15_4274.txt
2022-03-08_4269.txt,2022-03-08_4269.txt
2023-12-26_1599.txt,2023-12-26_1599.txt
2023-11-09_2455.txt,2023-11-09_2455.txt
2023-11-10_2443.txt,2023-11-10_2443.txt
2021-05-21_4621.txt,2021-05-21_4621.txt
2021-06-29_4473.txt,2021-06-29_4473.txt
2022-12-06_3856.txt,2022-12-06_3856.txt
2024-01-21_1330.txt,2024-01-21_1330.txt
2024-01-22_1306.txt,2024-01-22_1306.txt
2021-05-16_4685.txt,2021-05-16_4685.txt
2021-05-24_4596.txt,2021-05-24_4596.txt
2021-11-24_4313.txt,2021-11-24_4313.txt
2023-09-27_3321.txt,2023-09-27_3321.txt
2021-05-28_4565.txt,2021-05-28_4565.txt
2024-01-25_1279.txt,2024-01-25_1279.txt
2024-03-01_887.txt,2024-03-01_887.txt
2024-04-11_68.txt,2024-04-11_68.txt
2024-03-31_200.txt,2024-03-31_200.txt
2023-11-15_2309.txt,2023-11-15_2309.txt
2023-11-16_2283.txt,2023-11-16_2283.txt
2023-11-16_2281.txt,2023-11-16_2281.txt
2022-04-19_4234.txt,2022-04-19_4234.txt
2023-05-22_3548.txt,2023-05-22_3548.txt
2023-03-21_3680.txt,2023-03-21_3680.txt
2021-06-11_4508.txt,2021-06-11_4508.txt
2021-07-02_4466.txt,2021-07-02_4466.txt
2022-06-01_4105.txt,2022-06-01_4105.txt
2022-06-02_4102.txt,2022-06-02_4102.txt
2022-08-19_3988.txt,2022-08-19_3988.txt
2022-09-07_3953.txt,2022-09-07_3953.txt
2022-09-05_3967.txt,2022-09-05_3967.txt
2024-02-20_1009.txt,2024-02-20_1009.txt
2024-02-23_975.txt,2024-02-23_975.txt
2024-03-22_283.txt,2024-03-22_283.txt
2021-05-22_4612.txt,2021-05-22_4612.txt
2021-05-23_4603.txt,2021-05-23_4603.txt
2024-01-13_1416.txt,2024-01-13_1416.txt
2024-02-25_952.txt,2024-02-25_952.txt
2024-01-27_1249.txt,2024-01-27_1249.txt
2023-10-31_2688.txt,2023-10-31_2688.txt
2024-04-09_92.txt,2024-04-09_92.txt
2024-04-01_188.txt,2024-04-01_188.txt
2024-04-02_182.txt,2024-04-02_182.txt
2021-06-25_4478.txt,2021-06-25_4478.txt
2021-06-30_4469.txt,2021-06-30_4469.txt
2024-02-08_1149.txt,2024-02-08_1149.txt
2024-03-27_240.txt,2024-03-27_240.txt
2024-01-16_1372.txt,2024-01-16_1372.txt
2024-03-16_340.txt,2024-03-16_340.txt
2022-10-25_3901.txt,2022-10-25_3901.txt
2022-10-28_3897.txt,2022-10-28_3897.txt
2023-12-05_1912.txt,2023-12-05_1912.txt
2023-12-07_1877.txt,2023-12-07_1877.txt
2023-12-06_1894.txt,2023-12-06_1894.txt
2023-10-12_3203.txt,2023-10-12_3203.txt
2023-12-04_1941.txt,2023-12-04_1941.txt
2023-12-28_1573.txt,2023-12-28_1573.txt
2023-10-10_3234.txt,2023-10-10_3234.txt
2023-10-24_2889.txt,2023-10-24_2889.txt
2023-12-21_1660.txt,2023-12-21_1660.txt
2023-12-22_1647.txt,2023-12-22_1647.txt
2023-11-20_2201.txt,2023-11-20_2201.txt
2022-05-30_4106.txt,2022-05-30_4106.txt
2023-10-26_2824.txt,2023-10-26_2824.txt
2021-08-30_4401.txt,2021-08-30_4401.txt
2021-12-29_4300.txt,2021-12-29_4300.txt
2021-10-28_4334.txt,2021-10-28_4334.txt
2021-11-14_4323.txt,2021-11-14_4323.txt
2021-10-22_4341.txt,2021-10-22_4341.txt
2022-08-19_3989.txt,2022-08-19_3989.txt
2022-08-18_3994.txt,2022-08-18_3994.txt
2022-06-30_4071.txt,2022-06-30_4071.txt
2022-01-10_4292.txt,2022-01-10_4292.txt
2024-01-15_1386.txt,2024-01-15_1386.txt
2023-12-05_1922.txt,2023-12-05_1922.txt
2023-12-17_1713.txt,2023-12-17_1713.txt
2023-12-12_1796.txt,2023-12-12_1796.txt
2021-09-06_4393.txt,2021-09-06_4393.txt
2021-09-07_4392.txt,2021-09-07_4392.txt
2021-09-09_4388.txt,2021-09-09_4388.txt
2023-11-20_2204.txt,2023-11-20_2204.txt
2023-11-20_2213.txt,2023-11-20_2213.txt
2023-11-27_2074.txt,2023-11-27_2074.txt
2023-11-18_2250.txt,2023-11-18_2250.txt
2021-09-08_4389.txt,2021-09-08_4389.txt
2021-09-08_4390.txt,2021-09-08_4390.txt
2024-01-17_1364.txt,2024-01-17_1364.txt
2024-01-18_1356.txt,2024-01-18_1356.txt
2021-11-25_4312.txt,2021-11-25_4312.txt
2021-12-06_4306.txt,2021-12-06_4306.txt
2023-05-25_3541.txt,2023-05-25_3541.txt
2023-06-04_3527.txt,2023-06-04_3527.txt
2023-05-11_3575.txt,2023-05-11_3575.txt
2022-08-16_3998.txt,2022-08-16_3998.txt
2022-09-01_3973.txt,2022-09-01_3973.txt
2022-05-16_4152.txt,2022-05-16_4152.txt
2022-05-18_4143.txt,2022-05-18_4143.txt
2023-11-26_2077.txt,2023-11-26_2077.txt
2023-11-27_2073.txt,2023-11-27_2073.txt
2023-09-07_3345.txt,2023-09-07_3345.txt
2023-09-08_3343.txt,2023-09-08_3343.txt
2021-05-17_4672.txt,2021-05-17_4672.txt
2021-05-17_4675.txt,2021-05-17_4675.txt
2021-05-15_9007.txt,2021-05-15_9007.txt
2021-05-15_9013.txt,2021-05-15_9013.txt
2021-05-15_9012.txt,2021-05-15_9012.txt
2021-05-15_9016.txt,2021-05-15_9016.txt
2021-06-01_4548.txt,2021-06-01_4548.txt
2024-04-04_154.txt,2024-04-04_154.txt
2024-04-07_111.txt,2024-04-07_111.txt
2023-11-23_2146.txt,2023-11-23_2146.txt
2022-05-25_4121.txt,2022-05-25_4121.txt
2022-09-08_3951.txt,2022-09-08_3951.txt
2022-09-14_3947.txt,2022-09-14_3947.txt
2022-09-15_3946.txt,2022-09-15_3946.txt
2023-09-05_3348.txt,2023-09-05_3348.txt
2023-12-12_1794.txt,2023-12-12_1794.txt
2023-01-05_3809.txt,2023-01-05_3809.txt
2023-01-19_3787.txt,2023-01-19_3787.txt
2023-07-07_3445.txt,2023-07-07_3445.txt
2023-07-08_3440.txt,2023-07-08_3440.txt
2024-01-26_1265.txt,2024-01-26_1265.txt
2024-01-27_1252.txt,2024-01-27_1252.txt
2024-03-03_871.txt,2024-03-03_871.txt
2024-04-07_113.txt,2024-04-07_113.txt
2024-01-18_1357.txt,2024-01-18_1357.txt
2023-12-14_1761.txt,2023-12-14_1761.txt
2023-11-22_2169.txt,2023-11-22_2169.txt
2024-01-06_1485.txt,2024-01-06_1485.txt
2023-11-29_2026.txt,2023-11-29_2026.txt
2024-03-31_206.txt,2024-03-31_206.txt
2023-11-11_2403.txt,2023-11-11_2403.txt
2024-03-17_336.txt,2024-03-17_336.txt
2021-05-18_4660.txt,2021-05-18_4660.txt
2024-04-01_190.txt,2024-04-01_190.txt
2024-02-07_1155.txt,2024-02-07_1155.txt
2024-02-08_1151.txt,2024-02-08_1151.txt
2023-06-27_3478.txt,2023-06-27_3478.txt
2023-06-29_3473.txt,2023-06-29_3473.txt
2022-09-23_3939.txt,2022-09-23_3939.txt
2023-10-24_2882.txt,2023-10-24_2882.txt
2023-11-01_2673.txt,2023-11-01_2673.txt
2024-02-02_1199.txt,2024-02-02_1199.txt
2024-02-28_910.txt,2024-02-28_910.txt
2023-03-10_3689.txt,2023-03-10_3689.txt
2023-03-12_3687.txt,2023-03-12_3687.txt
2022-03-30_4255.txt,2022-03-30_4255.txt
2023-03-31_3667.txt,2023-03-31_3667.txt
2024-02-14_1088.txt,2024-02-14_1088.txt
2024-02-15_1071.txt,2024-02-15_1071.txt
2024-02-15_1077.txt,2024-02-15_1077.txt
2024-02-16_1059.txt,2024-02-16_1059.txt
2024-02-13_1096.txt,2024-02-13_1096.txt
2024-03-11_386.txt,2024-03-11_386.txt
2023-10-29_2748.txt,2023-10-29_2748.txt
2023-10-29_2756.txt,2023-10-29_2756.txt
2024-03-07_829.txt,2024-03-07_829.txt
2024-03-14_357.txt,2024-03-14_357.txt
2023-09-17_3334.txt,2023-09-17_3334.txt
2023-11-07_2520.txt,2023-11-07_2520.txt
2024-03-11_389.txt,2024-03-11_389.txt
2024-03-11_392.txt,2024-03-11_392.txt
2023-11-01_2669.txt,2023-11-01_2669.txt
2023-11-28_2041.txt,2023-11-28_2041.txt
2023-01-26_3776.txt,2023-01-26_3776.txt
2023-12-16_1723.txt,2023-12-16_1723.txt
2021-05-20_4638.txt,2021-05-20_4638.txt
2023-07-13_3427.txt,2023-07-13_3427.txt
2023-07-20_3409.txt,2023-07-20_3409.txt
2023-11-05_2564.txt,2023-11-05_2564.txt
2023-12-30_1554.txt,2023-12-30_1554.txt
2023-10-29_2746.txt,2023-10-29_2746.txt
2023-11-05_2556.txt,2023-11-05_2556.txt
2023-11-08_2482.txt,2023-11-08_2482.txt
2023-11-19_2234.txt,2023-11-19_2234.txt
2024-03-21_296.txt,2024-03-21_296.txt
2023-12-21_1656.txt,2023-12-21_1656.txt
2024-02-15_1070.txt,2024-02-15_1070.txt
2023-11-03_2600.txt,2023-11-03_2600.txt
2023-11-03_2606.txt,2023-11-03_2606.txt
2023-11-03_2599.txt,2023-11-03_2599.txt
2023-11-03_2598.txt,2023-11-03_2598.txt
2023-05-24_3543.txt,2023-05-24_3543.txt
2023-11-08_2475.txt,2023-11-08_2475.txt
2023-11-25_2100.txt,2023-11-25_2100.txt
2024-01-06_1487.txt,2024-01-06_1487.txt
2023-10-10_3237.txt,2023-10-10_3237.txt
2023-11-02_2646.txt,2023-11-02_2646.txt
2023-11-15_2316.txt,2023-11-15_2316.txt
2023-06-09_3519.txt,2023-06-09_3519.txt
2023-06-14_3512.txt,2023-06-14_3512.txt
2023-11-22_2168.txt,2023-11-22_2168.txt
2023-11-23_2147.txt,2023-11-23_2147.txt
2023-01-14_3795.txt,2023-01-14_3795.txt
2023-01-25_3780.txt,2023-01-25_3780.txt
2023-01-16_3793.txt,2023-01-16_3793.txt
2023-01-19_3788.txt,2023-01-19_3788.txt
2023-01-02_3818.txt,2023-01-02_3818.txt
2023-01-03_3815.txt,2023-01-03_3815.txt
2022-02-02_4280.txt,2022-02-02_4280.txt
2023-10-16_3096.txt,2023-10-16_3096.txt
2021-06-22_4486.txt,2021-06-22_4486.txt
2021-06-23_4482.txt,2021-06-23_4482.txt
2021-05-22_4613.txt,2021-05-22_4613.txt
2024-03-20_303.txt,2024-03-20_303.txt
2024-04-13_46.txt,2024-04-13_46.txt
2024-04-14_43.txt,2024-04-14_43.txt
2021-06-07_4521.txt,2021-06-07_4521.txt
2021-06-23_4481.txt,2021-06-23_4481.txt
2023-10-17_3056.txt,2023-10-17_3056.txt
2023-11-10_2422.txt,2023-11-10_2422.txt
2023-01-29_3763.txt,2023-01-29_3763.txt
2023-01-29_3766.txt,2023-01-29_3766.txt
2023-01-28_3768.txt,2023-01-28_3768.txt
2023-10-20_2975.txt,2023-10-20_2975.txt
2023-12-02_1965.txt,2023-12-02_1965.txt
2024-02-03_1184.txt,2024-02-03_1184.txt
2024-02-03_1185.txt,2024-02-03_1185.txt
2022-01-19_4289.txt,2022-01-19_4289.txt
2022-01-29_4283.txt,2022-01-29_4283.txt
2023-10-25_2846.txt,2023-10-25_2846.txt
2022-05-20_4133.txt,2022-05-20_4133.txt
2022-03-30_4257.txt,2022-03-30_4257.txt
2022-03-31_4254.txt,2022-03-31_4254.txt
2023-11-08_2490.txt,2023-11-08_2490.txt
2023-11-22_2177.txt,2023-11-22_2177.txt
2023-12-17_1708.txt,2023-12-17_1708.txt
2023-12-17_1710.txt,2023-12-17_1710.txt
2023-10-15_3110.txt,2023-10-15_3110.txt
2021-05-29_4560.txt,2021-05-29_4560.txt
2023-02-14_3732.txt,2023-02-14_3732.txt
2022-10-20_3905.txt,2022-10-20_3905.txt
2022-10-21_3903.txt,2022-10-21_3903.txt
2023-01-21_3785.txt,2023-01-21_3785.txt
2023-05-30_3533.txt,2023-05-30_3533.txt
2023-11-02_2653.txt,2023-11-02_2653.txt
2023-10-15_3111.txt,2023-10-15_3111.txt
2023-10-16_3078.txt,2023-10-16_3078.txt
2022-07-11_4057.txt,2022-07-11_4057.txt
2023-11-13_2374.txt,2023-11-13_2374.txt
2023-11-04_2577.txt,2023-11-04_2577.txt
2023-11-04_2584.txt,2023-11-04_2584.txt
2023-12-08_1857.txt,2023-12-08_1857.txt
2024-02-09_1142.txt,2024-02-09_1142.txt
2024-01-25_1276.txt,2024-01-25_1276.txt
2024-01-25_1283.txt,2024-01-25_1283.txt
2023-10-19_2997.txt,2023-10-19_2997.txt
2023-10-20_2969.txt,2023-10-20_2969.txt
2023-05-06_3599.txt,2023-05-06_3599.txt
2023-10-04_3316.txt,2023-10-04_3316.txt
2023-11-22_2170.txt,2023-11-22_2170.txt
2023-11-22_2178.txt,2023-11-22_2178.txt
2024-01-20_1333.txt,2024-01-20_1333.txt
2024-01-20_1338.txt,2024-01-20_1338.txt
2021-07-07_4461.txt,2021-07-07_4461.txt
2021-07-25_4438.txt,2021-07-25_4438.txt
2023-06-19_3505.txt,2023-06-19_3505.txt
2023-06-20_3500.txt,2023-06-20_3500.txt
2023-06-20_3501.txt,2023-06-20_3501.txt
2024-03-18_323.txt,2024-03-18_323.txt
2024-04-03_159.txt,2024-04-03_159.txt
2024-02-28_916.txt,2024-02-28_916.txt
2024-03-06_836.txt,2024-03-06_836.txt
2023-11-27_2063.txt,2023-11-27_2063.txt
2023-11-28_2044.txt,2023-11-28_2044.txt
2023-10-18_3028.txt,2023-10-18_3028.txt
2023-10-18_3031.txt,2023-10-18_3031.txt
2023-11-07_2506.txt,2023-11-07_2506.txt
2024-04-02_166.txt,2024-04-02_166.txt
2023-10-10_3240.txt,2023-10-10_3240.txt
2023-01-25_3781.txt,2023-01-25_3781.txt
2024-03-31_202.txt,2024-03-31_202.txt
2024-04-10_79.txt,2024-04-10_79.txt
2023-12-14_1762.txt,2023-12-14_1762.txt
2024-03-25_263.txt,2024-03-25_263.txt
2023-02-03_3749.txt,2023-02-03_3749.txt
2023-07-24_3404.txt,2023-07-24_3404.txt
2023-11-01_2665.txt,2023-11-01_2665.txt
2023-11-14_2344.txt,2023-11-14_2344.txt
2024-03-21_290.txt,2024-03-21_290.txt
2024-03-22_281.txt,2024-03-22_281.txt
2023-06-23_3487.txt,2023-06-23_3487.txt
2023-06-29_3474.txt,2023-06-29_3474.txt
2023-12-07_1882.txt,2023-12-07_1882.txt
2023-12-08_1861.txt,2023-12-08_1861.txt
2023-10-09_3262.txt,2023-10-09_3262.txt
2023-10-22_2917.txt,2023-10-22_2917.txt
2022-12-02_3863.txt,2022-12-02_3863.txt
2022-12-18_3846.txt,2022-12-18_3846.txt
2021-07-22_4442.txt,2021-07-22_4442.txt
2023-03-24_3674.txt,2023-03-24_3674.txt
2021-09-26_4364.txt,2021-09-26_4364.txt
2021-09-30_4362.txt,2021-09-30_4362.txt
2023-06-14_3513.txt,2023-06-14_3513.txt
2023-10-20_2981.txt,2023-10-20_2981.txt
2021-05-11_9032.txt,2021-05-11_9032.txt
2024-04-11_69.txt,2024-04-11_69.txt
2023-10-13_3148.txt,2023-10-13_3148.txt
2024-03-01_891.txt,2024-03-01_891.txt
2023-10-23_2903.txt,2023-10-23_2903.txt
2024-02-03_1188.txt,2024-02-03_1188.txt
2023-10-18_3026.txt,2023-10-18_3026.txt
2024-03-27_238.txt,2024-03-27_238.txt
2023-07-07_3442.txt,2023-07-07_3442.txt
2023-07-13_3424.txt,2023-07-13_3424.txt
2023-01-30_3758.txt,2023-01-30_3758.txt
2023-01-31_3755.txt,2023-01-31_3755.txt
2021-08-06_4426.txt,2021-08-06_4426.txt
2021-09-24_4367.txt,2021-09-24_4367.txt
2021-05-18_4658.txt,2021-05-18_4658.txt
2022-05-15_4160.txt,2022-05-15_4160.txt
2023-12-02_1958.txt,2023-12-02_1958.txt
2023-12-02_1964.txt,2023-12-02_1964.txt
2024-01-24_1289.txt,2024-01-24_1289.txt
2024-02-01_1203.txt,2024-02-01_1203.txt
2023-12-27_1586.txt,2023-12-27_1586.txt
2024-03-01_890.txt,2024-03-01_890.txt
2023-02-17_3729.txt,2023-02-17_3729.txt
2023-02-20_3725.txt,2023-02-20_3725.txt
2024-02-04_1177.txt,2024-02-04_1177.txt
2024-02-04_1181.txt,2024-02-04_1181.txt
2024-01-16_1373.txt,2024-01-16_1373.txt
2024-01-17_1368.txt,2024-01-17_1368.txt
2023-10-17_3052.txt,2023-10-17_3052.txt
2023-07-06_3448.txt,2023-07-06_3448.txt
2023-07-06_3450.txt,2023-07-06_3450.txt
2021-06-28_4474.txt,2021-06-28_4474.txt
2022-06-15_4084.txt,2022-06-15_4084.txt
2021-06-01_4549.txt,2021-06-01_4549.txt
2023-10-31_2696.txt,2023-10-31_2696.txt
2024-01-28_1243.txt,2024-01-28_1243.txt
2024-01-29_1233.txt,2024-01-29_1233.txt
2023-11-05_2570.txt,2023-11-05_2570.txt
2023-11-06_2528.txt,2023-11-06_2528.txt
2024-03-31_205.txt,2024-03-31_205.txt
2021-07-12_4451.txt,2021-07-12_4451.txt
2023-11-09_2470.txt,2023-11-09_2470.txt
2023-11-11_2396.txt,2023-11-11_2396.txt
2023-11-17_2263.txt,2023-11-17_2263.txt
2023-12-15_1740.txt,2023-12-15_1740.txt
2024-02-29_905.txt,2024-02-29_905.txt
2024-03-01_896.txt,2024-03-01_896.txt
2023-11-22_2171.txt,2023-11-22_2171.txt
2024-01-16_1376.txt,2024-01-16_1376.txt
2023-12-16_1719.txt,2023-12-16_1719.txt
